time,pitch_angle,yaw_angle,err_x,err_y,err_total,accumulate_err_x,accumulate_err_y,accumulate_err_total,controller_output_x,controller_output_y,score
0.0,-9.3,11.4,0.5249999999999773,0.0,0.5249999999999773,0.010499999999999546,0.0,0.010499999999999546,0.06299999999999727,-0.0,0.126595601439476
0.3100547790527344,-9.3,11.4,0.6912499999999682,0.0,0.6912499999999682,0.02432499999999891,0.0,0.02432499999999891,0.0856524104029596,-0.0,0.1264578253030777
0.4693911075592041,-9.3,11.4,0.7993125000000418,0.17500000000001137,0.8182453621355399,0.04031124999999974,0.0035000000000002273,0.04068990724270971,0.10068317631277317,-0.02649431695429339,0.1271691620349884
0.6586594581604004,-9.3,11.4,0.8695531250000386,0.46375000000000455,0.985488051524389,0.05770231250000052,0.012775000000000317,0.060399668273197496,0.10861833824264969,-0.0660353882225169,0.1271606683731079
0.8261690139770508,-9.3,11.5,0.9152095312500705,0.8264374999999973,1.233129120367052,0.07600650312500193,0.029303750000000264,0.08506225068053853,0.11336456924531853,-0.11521069550678537,0.12794426083564758
0.9832568168640137,-9.4,11.5,0.9448861953125061,1.0621843750000153,1.4216348225146698,0.09490422703125205,0.05054743750000057,0.11349494713083193,0.11614846612541763,-0.14301427884165066,0.1280430555343628
1.1575474739074707,-9.4,11.5,0.9641760269531687,1.2154198437499986,1.551412520103041,0.11418774757031543,0.07485583437500054,0.14452319753289275,0.11769277039155496,-0.15806466411840375,0.1274378001689911
1.304847240447998,-9.4,11.5,0.9767144175195881,1.315022898437519,1.6380647962781087,0.1337220359207072,0.10115629234375093,0.17728449345845493,0.11869035097350256,-0.16734186323667197,0.12753695249557495
1.4546520709991455,-9.4,11.5,0.9848643713877436,1.3797648839843646,1.6952017476115822,0.15341932334846206,0.12875159002343822,0.21118852841068658,0.11926880365154939,-0.17256421551834178,0.12765079736709595
1.6029837131500244,-9.5,11.5,0.9901618414020277,1.4218471745898569,1.7326482216704615,0.17322256017650262,0.15718853351523537,0.24584149284409582,0.11961858890124613,-0.17560914570296515,0.12791478633880615
1.7651968002319336,-9.5,11.5,0.9936051969112896,1.4492006634833956,1.757109515758718,0.19309466411472842,0.18617254678490328,0.2809836831592702,0.11982517830283007,-0.17732666882607134,0.12790338695049286
1.9524004459381104,-9.5,11.6,0.9958433779924007,1.4669804312642327,1.7730582672894621,0.21301153167457643,0.21551215541018792,0.31644484850505944,0.11995467968165013,-0.17832524487682078,0.12778794765472412
2.1064565181732178,-9.6,11.6,0.9972981956950662,1.4785372803217456,1.7834450315156503,0.23295749558847775,0.24508290101662283,0.35211374913537247,0.12005319817483488,-0.1790538233720802,0.12722496688365936
2.2527551651000977,-9.6,11.6,0.9982438272018044,1.4860492322091545,1.7902047533999912,0.25292237213251384,0.27480388566080594,0.3879178442033723,0.12012066770329356,-0.179518135389477,0.1273459494113922
2.414093494415283,-9.6,11.6,0.9988584876812183,1.4909320009359703,1.7946020477609366,0.2728995418861382,0.30462252567952536,0.423809885158591,0.12016696743747687,-0.17979327795045194,0.12744511663913727
2.5767250061035156,-9.7,11.6,0.999258016992826,1.494105800608395,1.7974617458894884,0.2928847022259947,0.33450464169169325,0.4597591200763808,0.12020260903296577,-0.17997726632715352,0.12752771377563477
2.721651077270508,-9.7,11.6,0.9995177110453142,1.4961687703954567,1.7993211620497096,0.312875056446901,0.3644280170996024,0.495745543317375,0.12023065770038807,-0.1801095196329788,0.12752771377563477
2.8598244190216064,-9.7,11.6,0.9996865121794372,1.497509700757064,1.8005300404311502,0.33286878669048975,0.39437821111474364,0.531756144125998,0.1202530754959991,-0.18019997994686374,0.12764325737953186
3.001589298248291,-9.7,11.6,0.9997962329166512,1.498381305492103,1.8013159200991218,0.3528647113488228,0.4243458372245857,0.5677824625279805,0.12027235141546623,-0.18026246056400322,0.12764325737953186
3.1303584575653076,-9.8,11.6,0.9998675513958233,1.4989478485698555,1.8018267877536058,0.37286206237673925,0.4543247941959828,0.6038189982830526,0.12028865218304435,-0.18030932788207563,0.1276814043521881
3.259653329849243,-9.8,11.7,0.9999139084072795,1.4993161015704004,1.8021588710917205,0.39286034054488483,0.4843111162273908,0.639862175704887,0.12030360051639155,-0.180344936212844,0.1276814043521881
3.405390977859497,-9.8,11.7,0.9999440404646975,1.4995554660207517,1.8023747334374112,0.4128592213541788,0.5143022255478058,0.6759096703736353,0.12031925896326319,-0.1803755017561039,0.12771956622600555
3.5343289375305176,-9.9,11.7,0.9999636263020193,1.499711052913483,1.8025150474151255,0.4328584938802192,0.5442964466060755,0.7119599713219378,0.12033296314492585,-0.1804013242038226,0.12751637399196625
3.6914799213409424,-9.9,11.7,0.9999763570963296,1.499812184393761,1.8026062529592066,0.4528580210221458,0.5742926902939507,0.7480120963811219,0.12034908138770749,-0.18042812145566617,0.12753288447856903
3.8247766494750977,-9.9,11.7,0.9999846321126142,1.4998779198559191,1.802665537178963,0.47285771366439805,0.6042902486910691,0.7840654071247011,0.12036274711648938,-0.18045079658549829,0.12742957472801208
3.9565176963806152,-9.9,11.8,0.9999900108732618,1.4999206479063218,1.802704072182128,0.4928575138818633,0.6342886616491955,0.8201194885683436,0.12037613191337561,-0.18047223697072384,0.1271500140428543
4.104024648666382,-10.0,11.8,0.9999935070676429,1.499948421139095,1.8027291200441369,0.5128573840232161,0.6642876300719774,0.8561740709692264,0.12039099911047921,-0.1804952912474964,0.12710559368133545
4.239732027053833,-10.0,11.8,0.9999957795939736,1.4999664737404146,1.8027454012009054,0.5328572996150956,0.6942869595467858,0.8922289789932445,0.12040465624080371,-0.18051633502339318,0.12710559368133545
4.376176118850708,-10.0,11.8,0.9999972567360373,1.4999782079312922,1.8027559839724208,0.5528572447498163,0.7242865237054116,0.9282840986726929,0.12041835514392378,-0.18053723521897846,0.12695355713367462
4.522639036178589,-10.1,11.8,0.9999982168784527,1.4999858351553144,1.8027628627821992,0.5728572090873854,0.7542862404085179,0.9643393559283369,0.12043303391151564,-0.18055946298488199,0.12716828286647797
4.6827592849731445,-10.1,11.8,0.9999988409709886,1.4999907928509515,1.802767334012059,0.5928571859068051,0.7842860562655369,1.000394702608578,0.1204490661619664,-0.18058364186361212,0.1271517276763916
4.837408781051636,-10.1,11.8,0.9999992466312051,1.4999940153531384,1.8027702403130046,0.6128571708394293,0.8142859365725997,1.036450107414838,0.12046454608288852,-0.18060695830405843,0.12725099921226501
4.97499418258667,-10.2,11.8,1.3499995103102265,0.9749961099795428,1.6652675737889968,0.6398571610456338,0.8337858587721906,1.069755458890618,0.17520250406413793,-0.09854140327240395,0.1291261613368988
5.113810062408447,-10.2,11.9,1.5774996817016245,0.6337474714866858,1.7000415004888834,0.6714071546796663,0.8464608082019243,1.1037562889003956,0.20435903034576705,-0.0548483243920053,0.12928476929664612
5.248774528503418,-10.2,11.9,2.075374793106107,0.7619358564663798,2.2108203864695506,0.7129146505417884,0.8616995253312518,1.1479726966297865,0.27529971785946533,-0.08590557428689094,0.12882991135120392
5.3893492221832275,-10.2,12.0,2.3989936155189753,0.8452583067031583,2.543547124067391,0.7608945228521679,0.878604691465315,1.1988436391111343,0.31281742320653044,-0.10196299888718025,0.1284054070711136
5.534297227859497,-10.2,12.0,2.6093458500873794,0.8994178993570472,2.7600069425731655,0.8130814398539155,0.8965930494524559,1.2540437779625977,0.33316793724726246,-0.11040321695453639,0.12823626399040222
5.672652244567871,-10.2,12.1,2.5710748025568364,0.9346216345820721,2.7356796669514396,0.8645029359050522,0.9152854821440973,1.3087573713016265,0.3175069943009989,-0.11500859384300541,0.12937362492084503
5.828241586685181,-10.2,12.1,2.3711986216619607,0.9575040624783355,2.5572244588682667,0.9119269083382915,0.9344355633936641,1.3599018604789919,0.28296662890745855,-0.11741650393153476,0.12924432754516602
5.970195055007935,-10.2,12.1,2.241279104080263,0.9723776406109437,2.4431230624647076,0.9567524904198967,0.953883116205883,1.408764321728286,0.2639591099987712,-0.11882723936235687,0.12932686507701874
6.103617191314697,-10.3,12.2,2.1568314176522563,0.9820454663971532,2.3698808118221986,0.9998891187729418,0.973524025533826,1.45616193796473,0.25354111821631825,-0.11964494547927551,0.12931255996227264
6.23537015914917,-10.3,12.2,2.101940421473955,0.9883295531581098,2.3227029170928892,1.041927927202421,0.9932906165969881,1.5026159963065877,0.24790694686317166,-0.12011046733520586,0.1293196827173233
6.3848912715911865,-10.3,12.3,2.066261273958048,0.9924142095527486,2.292230707320043,1.0832531526815818,1.0131389007880431,1.5484606104529886,0.24500886018131743,-0.1203627811432203,0.12943077087402344
6.5474348068237305,-10.3,12.3,2.043069828072703,1.1700692362092582,2.354399358627236,1.124114549243036,1.0365402855122283,1.5955485976255332,0.24341507568764467,-0.1469023143760482,0.12905879318714142
6.6921820640563965,-10.3,12.3,2.027995388247291,1.285545003536015,2.401122914569076,1.164674457007982,1.0622511855829486,1.6435710559169148,0.24240616362284417,-0.16190300142880437,0.12903635203838348
6.849026918411255,-10.4,12.4,2.0181970023606937,1.3606042522984012,2.4340014526927014,1.2050383970551957,1.0894632706289167,1.6922510849707688,0.24185570144633003,-0.16989785581339462,0.1288791447877884
6.990857362747192,-10.4,12.4,2.011828051534394,1.4093927639939352,2.456387606250109,1.2452749580858835,1.1176511259087953,1.741378837095771,0.24150463831462088,-0.1745828413802213,0.12905879318714142
7.157064199447632,-10.4,12.4,2.0076882334973334,1.266105296596038,2.3735700252977967,1.28542872275583,1.1429732318407162,1.788850237601727,0.24133355665147163,-0.15078410045404714,0.1288926601409912
7.326869249343872,-10.5,12.5,2.004997351773227,1.1729684427874645,2.322901062979847,1.3255286697912947,1.1664326006964656,1.8353082588613239,0.24123616408313514,-0.13788300386429703,0.12912534177303314
7.467452049255371,-10.5,12.5,2.0032482786525634,1.1124294878118235,2.2913976152727695,1.3655936353643459,1.1886811904527022,1.8811362111667793,0.24116719772832962,-0.13035099412795184,0.12895451486110687
7.620883464813232,-10.5,12.5,1.6521113811242003,1.073079167077708,1.9700179985107498,1.3986358629868298,1.2101427737942563,1.9205365711369944,0.18773190998742487,-0.12637473300457935,0.12859377264976501
7.771296501159668,-10.5,12.6,1.4238723977307473,1.04750145860055,1.7676741528884181,1.427113310941445,1.2310928029662673,1.9558900541947628,0.15855826668763784,-0.12411791355787158,0.12874220311641693
7.952595472335815,-10.5,12.6,1.275517058524997,1.0308759480903973,1.6400149349745374,1.4526236521119449,1.2517103219280752,1.9886903528942534,0.14337117878233033,-0.12293165503097475,0.12869714200496674
8.105531454086304,-10.5,12.6,1.179086088041231,1.020069366258781,1.559097660504936,1.4762053738727694,1.2721117092532508,2.019872306104352,0.13405250628496163,-0.12215072906297869,0.1286623775959015
8.27139163017273,-10.6,12.7,1.1164059572267888,1.0130450880682247,1.5075220103834703,1.498533493017305,1.2923726110146152,2.0500227463120213,0.12893002376446855,-0.12171630081611716,0.1278459131717682
8.476645708084106,-10.6,12.7,1.075663872197424,1.008479307244329,1.4744772901237775,1.5200467704612535,1.3125421971595017,2.079512292114497,0.126150428254265,-0.12148547829095223,0.12781134247779846
8.674291849136353,-10.6,12.7,1.0491815169283427,1.0055115497087854,1.4532155146645738,1.5410304007998203,1.3326524281536773,2.1085766024077883,0.12435950607837144,-0.12133355190664322,0.12812893092632294
8.836634874343872,-10.6,12.7,1.0319679860034512,1.003582507310739,1.4394914981048441,1.5616697605198893,1.3527240782998922,2.1373664323698853,0.12313353194958085,-0.12122618977203625,0.12791375815868378
9.010146617889404,-10.6,12.7,1.0207791909022035,1.0023286297520144,1.4306127493488614,1.5820853443379332,1.3727706508949324,2.1659786873568625,0.12242777380516862,-0.12117031147821623,0.12786300480365753
9.186813116073608,-10.7,12.7,1.0135064740863982,1.001513609338815,1.4248596010505399,1.6023554738196613,1.3928009230817087,2.1944758793778734,0.12199913586132666,-0.12114186585290028,0.12790639698505402
9.38094186782837,-10.7,12.7,0.833779208156102,1.0009838460701985,1.3027495645928666,1.6190310579827834,1.4128206000031127,2.2205308706697306,0.09623789935365898,-0.12113297995264066,0.1273123025894165
9.555618524551392,-10.7,12.8,0.7169564853014663,1.0006394999456347,1.23097766456881,1.6333701876888127,1.4328333900020254,2.245150423961107,0.08141172404504078,-0.12113055207702726,0.12733358144760132
9.76089882850647,-10.7,12.8,0.6410217154459588,0.8254156749646882,1.0450932380178772,1.6461906219977318,1.4493417035013192,2.2660522887214642,0.0733971565539193,-0.09587328516972049,0.12719441950321198
9.921219825744629,-10.8,12.8,0.5916641150398618,0.7115201887270359,0.9253795999437526,1.658023904298529,1.4635721072758598,2.284559880720339,0.06833615498354689,-0.08080936651144752,0.127089262008667
10.074802160263062,-10.7,12.8,0.03458167477583629,0.6374881226725506,0.6384254058062497,1.6587155377940457,1.4763218697293108,2.297328388836464,-0.014683937425784074,-0.07237330795358282,0.12513868510723114
10.251303434371948,-10.8,12.8,-0.3275219113957064,0.4143672797371778,0.528176906879774,1.6521650995661314,1.4846092153240544,2.30789192697406,-0.05834905196018392,-0.04191463681354801,0.12518319487571716
10.416768312454224,-10.8,12.8,-0.5628892424072092,0.44433873182919115,0.7171340236115811,1.6409073147179873,1.4934959899606381,2.3222346074462914,-0.0835603841568034,-0.05089915377288932,0.12516078352928162
10.585070133209229,-10.8,12.8,-0.7158780075646973,0.28882017568895435,0.7719445676988725,1.6265897545666934,1.4992723934744172,2.3376734988002688,-0.09784282039979306,-0.029406181051643547,0.12500454485416412
10.749608516693115,-10.8,12.8,-0.815320704916985,0.18773311419784022,0.8366549910403623,1.6102833404683536,1.503027055758374,2.354406598621076,-0.10622202495232691,-0.017409408843523877,0.1251496821641922
10.923691749572754,-10.8,12.8,-0.8799584581960289,0.12202652422860183,0.8883790636693584,1.592684171304433,1.505467586242946,2.372174179894463,-0.1110448561606599,-0.010776656089016443,0.12494871020317078
11.086767435073853,-10.8,12.8,-0.9219729978274245,0.07931724074859403,0.925378535196737,1.5742447113478846,1.5070539310579179,2.390681750598398,-0.11405879993871537,-0.006855517390309639,0.12499898672103882
11.257834434509277,-10.8,12.8,-1.1242824485877918,0.051556206486566225,1.1254639339533925,1.5517590623761288,1.5080850551876492,2.4131910292774656,-0.1419587215011687,-0.0046245006145178,0.1250220537185669
11.430447101593018,-10.8,12.7,-1.2557835915820306,0.03351153421624531,1.2562306523135751,1.5266433905444883,1.5087552858719742,2.438315642323737,-0.157458287670495,-0.0032981467275653145,0.12484945356845856
11.588831424713135,-10.8,12.7,-1.1662593345283767,-0.15321750275944623,1.1762807651774354,1.5033182038539208,1.5056909358167851,2.461841257627286,-0.13994741375934697,0.02406466574383707,0.125467911362648
11.774927139282227,-10.8,12.7,-1.1080685674435244,-0.2745913767936372,1.1415850272168822,1.4811568325050504,1.5001991082809123,2.4846729581716236,-0.13085463327466276,0.03847734367375908,0.12551189959049225
11.94245982170105,-10.8,12.7,-1.2452445688383023,-0.35348439491588124,1.2944439940261363,1.4562519411282844,1.4931294203825947,2.5105618380521464,-0.1519288313768075,0.046965274998522044,0.12535053491592407
12.113822937011719,-10.8,12.6,-1.3344089697449135,-0.4047648566953512,1.3944468034856294,1.429563761733386,1.4850341232486877,2.538450774121859,-0.16345514887924717,0.05177498555140173,0.12551186978816986
12.28032398223877,-10.7,12.6,-1.3923658303341426,-0.43809715685199535,1.4596615101878547,1.4017164451267032,1.4762721801116478,2.5676440043256163,-0.16997383006747485,0.05461142766100179,0.12589511275291443
12.451241493225098,-10.7,12.6,-1.2550377897172211,-0.4597631519537799,1.336600916321982,1.376615689332359,1.4670769170725722,2.594376022652056,-0.14752844035473667,0.05626669177888765,0.1256960779428482
12.622565984725952,-10.7,12.6,-1.1657745633161767,-0.47384604876992853,1.258395967257483,1.3533001980660353,1.4575999960971735,2.6195439419972053,-0.1352553732711245,0.05726568712787739,0.12560680508613586
12.784121036529541,-10.7,12.5,-1.1077534661556,-0.6579999317004308,1.2884415593644587,1.3311451287429232,1.444439997463165,2.6453127731844943,-0.12832939741106267,0.08431366330448659,0.12523524463176727
12.934370756149292,-10.7,12.5,-1.0700397530010832,-0.7776999556052715,1.3228009275590416,1.3097443336829016,1.4288859983510596,2.671768791735675,-0.12436983117780681,0.09944274453967449,0.12503071129322052
13.094660758972168,-10.7,12.5,-1.0455258394506473,-0.8555049711434322,1.350930433667887,1.2888338168938887,1.411775898928191,2.698787400409033,-0.12221028187979702,0.1076133944644586,0.12503071129322052
13.280633926391602,-10.7,12.5,-1.0295917956430003,-0.7310782312432593,1.2627488451204976,1.2682419809810286,1.397154334303326,2.724042377311443,-0.12103630256640581,0.08633365418288301,0.12555770576000214
13.444257736206055,-10.6,12.5,-1.0192346671678933,-0.8252008503081356,1.3114098330064925,1.2478572876376708,1.3806503172971631,2.7502705739715725,-0.12028150762154426,0.10068228392984194,0.12504369020462036
13.606654167175293,-10.6,12.4,-1.1875025336590852,-0.8863805527003024,1.4818342524223282,1.224107236964489,1.362922706243157,2.779907259020019,-0.14622589476695297,0.1085659126776521,0.12587454915046692
13.776488065719604,-10.6,12.4,0.0,0.0,0.0,1.224107236964489,1.362922706243157,2.779907259020019,0.0,0.0,0.0
13.970040082931519,-10.6,12.4,0.0,0.0,0.0,1.224107236964489,1.362922706243157,2.779907259020019,0.0,0.0,0.0
14.115201950073242,-10.6,12.4,0.0,0.0,0.0,1.224107236964489,1.362922706243157,2.779907259020019,0.0,0.0,0.0
14.250299453735352,-10.6,12.4,0.0,0.0,0.0,1.224107236964489,1.362922706243157,2.779907259020019,0.0,0.0,0.0
14.39419960975647,-10.6,12.4,0.0,0.0,0.0,1.224107236964489,1.362922706243157,2.779907259020019,0.0,0.0,0.0
14.540596723556519,-10.6,12.4,0.0,0.0,0.0,1.224107236964489,1.362922706243157,2.779907259020019,0.0,0.0,0.026013310998678207
14.708559274673462,-10.6,12.4,0.0,0.0,0.0,1.224107236964489,1.362922706243157,2.779907259020019,0.0,0.0,0.023227673023939133
14.883237361907959,-10.6,12.4,-2.5218766468783542,-2.6761473592551965,3.6771764317909703,1.173669704026922,1.309399759058053,2.8534507876558384,-0.3026251976254025,0.3211376831106236,0.12021645158529282
15.01834225654602,-10.6,12.4,-3.3892198204709985,-3.839495783515872,5.12138056222242,1.105885307617502,1.2326098433877357,2.955878398900287,-0.43885104897527616,0.5038448936911242,0.12053447216749191
15.17353105545044,-10.5,12.3,-3.9529928833061376,-4.770672259285334,6.195600579522829,1.0268254499513791,1.137196398202029,3.079790410490743,-0.5086798251997712,0.624134750565854,0.11969290673732758
15.309654951095581,-10.4,12.3,-4.319445374148927,-5.375936968535484,6.896253086272505,0.9404365424684006,1.0296776588313192,3.2177154722161934,-0.5490664062805328,0.6933077353850439,0.11991001665592194
15.474222183227539,-10.3,12.2,-4.5576394931968025,-5.76935902954807,7.352386099884517,0.8492837526044645,0.9142904782403578,3.3647631942138836,-0.5696781757226007,0.7285684540222669,0.11913063377141953
15.645244836807251,-10.2,12.1,-4.712465670577899,-6.025083369206243,7.6491151319783945,0.7550344391929066,0.793788810856233,3.5177454968534514,-0.5816041430447784,0.748859078073416,0.11912132054567337
15.812002420425415,-10.0,11.9,-4.988102685875674,-6.191304189984066,7.950686509840164,0.6552723854753931,0.6699627270565517,3.6767592270502547,-0.6151350019240349,0.7611667280815194,0.11963929980993271
16.00784921646118,-9.9,11.8,-5.167266745819234,-6.299347723489632,8.1475411851603,0.5519270505590085,0.5439757725867591,3.8397100507534607,-0.633230991682358,0.7681587390022295,0.12019196152687073
16.15244174003601,-9.8,11.7,-5.283723384782434,-6.544576020268266,8.411254846452291,0.4462525828633598,0.4130842521813938,4.007935147682507,-0.644982714568829,0.8003540821618914,0.12025333195924759
16.30338954925537,-9.6,11.6,-5.5344202001085705,-6.703974413174365,8.693277856129203,0.3355641788611884,0.2790047639179065,4.181800704805091,-0.6782771633056894,0.8177196822219834,0.1225600391626358
16.47843289375305,-9.5,11.5,-5.522373130070491,-6.807583368563314,8.765831181791285,0.22511671625977858,0.14285309654664022,4.357117328440917,-0.6698436193880382,0.8270198234721636,0.12120279669761658
16.630900621414185,-9.4,11.4,-5.514542534545853,-6.87492918956616,8.813332555104466,0.11482586556886151,0.005354512755317009,4.533383979543006,-0.6655330680012734,0.8328290989018299,0.12128336727619171
16.775076866149902,-9.3,11.3,-5.334452647454782,-7.093703973217998,8.875642011008901,0.00813681261976587,-0.13651956670904297,4.710896819763184,-0.6362830303112501,0.863374359121252,0.12131781876087189
16.912992477416992,-9.1,11.2,-5.217394220845563,-7.5859075825916875,9.206910247598525,-0.09621107179714539,-0.28823771836087675,4.895035024715155,-0.6204515290426207,0.9348957351468729,0.12125585973262787
17.066307306289673,-9.0,11.1,0.0,0.0,0.0,-0.09621107179714539,-0.28823771836087675,4.895035024715155,0.0,0.0,0.0
17.208164930343628,-8.9,11.1,0.0,0.0,0.0,-0.09621107179714539,-0.28823771836087675,4.895035024715155,0.0,0.0,0.0
17.35964870452881,-8.9,11.1,0.0,0.0,0.0,-0.09621107179714539,-0.28823771836087675,4.895035024715155,0.0,0.0,0.0
17.50962471961975,-8.9,11.1,0.0,0.0,0.0,-0.09621107179714539,-0.28823771836087675,4.895035024715155,0.0,0.0,0.02110845036804676
17.66453766822815,-8.9,11.1,0.0,0.0,0.0,-0.09621107179714539,-0.28823771836087675,4.895035024715155,0.0,0.0,0.023273568600416183
17.806734561920166,-8.9,11.1,0.0,0.0,0.0,-0.09621107179714539,-0.28823771836087675,4.895035024715155,0.0,0.0,0.021781321614980698
17.952441215515137,-8.9,11.1,0.0,0.0,0.0,-0.09621107179714539,-0.28823771836087675,4.895035024715155,0.0,0.0,0.02886703982949257
18.09250044822693,-8.9,11.1,0.0,0.0,0.0,-0.09621107179714539,-0.28823771836087675,4.895035024715155,0.0,0.0,0.030144518241286278
18.23777461051941,-8.9,11.1,0.0,0.0,0.0,-0.09621107179714539,-0.28823771836087675,4.895035024715155,0.0,0.0,0.02870273031294346
18.396952867507935,-8.9,11.1,0.0,0.0,0.0,-0.09621107179714539,-0.28823771836087675,4.895035024715155,0.0,0.0,0.028866136446595192
18.548315286636353,-8.9,11.1,-7.766306243549593,-9.305839928684577,12.120815543803047,-0.25153719666813723,-0.4743545169345683,5.137451335591217,-0.9319567492259512,1.1167007914421492,0.11664187163114548
18.69545602798462,-8.8,11.0,-9.42309905830723,-10.42379595364497,14.051701603218588,-0.43999917783428183,-0.6828304360074677,5.418485367655588,-1.187210133684855,1.2889982341643507,0.11641225963830948
18.85149574279785,-8.6,10.8,-10.675014387899637,-11.325467369869216,15.563487505306663,-0.6534994655922746,-0.909339783404852,5.729755117761721,-1.3495720273008316,1.4072732241687131,0.11634829640388489
19.009997606277466,-8.3,10.6,-11.48875935213482,-11.736553790414973,16.423711100922635,-0.883274652634971,-1.1440708592131514,6.058229339780174,-1.4389408703545097,1.4458139741166376,0.11651076376438141
19.201610803604126,-8.0,10.3,-12.36769357888761,-12.178759963769721,17.357477890418817,-1.1306285242127232,-1.387646058488546,6.40537889758855,-1.5376838639132944,1.4921954113370712,0.11645010858774185
19.40147352218628,-7.8,10.1,0.0,0.0,0.0,-1.1306285242127232,-1.387646058488546,6.40537889758855,0.0,0.0,0.0
19.58199405670166,-7.6,10.0,0.0,0.0,0.0,-1.1306285242127232,-1.387646058488546,6.40537889758855,0.0,0.0,0.0
19.747340202331543,-7.7,9.9,0.0,0.0,0.0,-1.1306285242127232,-1.387646058488546,6.40537889758855,0.0,0.0,0.01656305231153965
19.91122531890869,-7.7,9.9,0.0,0.0,0.0,-1.1306285242127232,-1.387646058488546,6.40537889758855,0.0,0.0,0.01628466509282589
20.088435411453247,-7.7,9.9,0.0,0.0,0.0,-1.1306285242127232,-1.387646058488546,6.40537889758855,0.0,0.0,0.01628466509282589
20.253413677215576,-7.7,9.9,0.0,0.0,0.0,-1.1306285242127232,-1.387646058488546,6.40537889758855,0.0,0.0,0.01737147942185402
20.419577598571777,-7.7,9.9,0.0,0.0,0.0,-1.1306285242127232,-1.387646058488546,6.40537889758855,0.0,0.0,0.016424449160695076
20.57148766517639,-7.7,9.9,0.0,0.0,0.0,-1.1306285242127232,-1.387646058488546,6.40537889758855,0.0,0.0,0.016424449160695076
20.734676599502563,-7.7,9.9,0.0,0.0,0.0,-1.1306285242127232,-1.387646058488546,6.40537889758855,0.0,0.0,0.0
20.891634941101074,-7.7,9.9,0.0,0.0,0.0,-1.1306285242127232,-1.387646058488546,6.40537889758855,0.0,0.0,0.02644907310605049
21.060402870178223,-7.7,9.9,0.0,0.0,0.0,-1.1306285242127232,-1.387646058488546,6.40537889758855,0.0,0.0,0.02721587009727955
21.24260401725769,-7.7,9.9,0.0,0.0,0.0,-1.1306285242127232,-1.387646058488546,6.40537889758855,0.0,0.0,0.026013309136033058
21.428374528884888,-7.7,9.9,0.0,0.0,0.0,-1.1306285242127232,-1.387646058488546,6.40537889758855,0.0,0.0,0.02548055723309517
21.638627529144287,-7.7,9.9,0.0,0.0,0.0,-1.1306285242127232,-1.387646058488546,6.40537889758855,0.0,0.0,0.024659857153892517
21.7987117767334,-7.7,9.9,0.0,0.0,0.0,-1.1306285242127232,-1.387646058488546,6.40537889758855,0.0,0.0,0.02201494760811329
21.97176766395569,-7.7,9.9,208.43599917372308,58.933806023549664,216.60738501715417,3.038091459261738,-0.2089699380175527,10.737526597931634,25.01231990084677,-7.07205672282596,0.07069274038076401
22.151594161987305,-8.7,12.7,0.0,0.0,0.0,3.038091459261738,-0.2089699380175527,10.737526597931634,0.0,0.0,0.07934721559286118
22.31718111038208,-9.2,14.1,0.0,0.0,0.0,3.038091459261738,-0.2089699380175527,10.737526597931634,0.0,0.0,0.0
22.4829363822937,-9.2,14.1,0.0,0.0,0.0,3.038091459261738,-0.2089699380175527,10.737526597931634,0.0,0.0,0.0
22.652559280395508,-9.2,14.1,0.0,0.0,0.0,3.038091459261738,-0.2089699380175527,10.737526597931634,0.0,0.0,0.0
22.817437887191772,-9.2,14.1,0.0,0.0,0.0,3.038091459261738,-0.2089699380175527,10.737526597931634,0.0,0.0,0.0
22.96963095664978,-9.2,14.1,0.0,0.0,0.0,3.038091459261738,-0.2089699380175527,10.737526597931634,0.0,0.0,0.0
23.136047840118408,-9.1,14.1,0.0,0.0,0.0,3.038091459261738,-0.2089699380175527,10.737526597931634,0.0,0.0,0.0
23.321130990982056,-9.2,14.1,0.0,0.0,0.0,3.038091459261738,-0.2089699380175527,10.737526597931634,0.0,0.0,0.016424445435404778
23.478205680847168,-9.1,14.1,131.10839946292003,33.05697391530731,135.21159689230032,5.660259448520138,0.45216954028859346,13.441758535777641,15.733007935550404,-3.966836869836877,0.11392419040203094
23.634301900863647,-9.7,15.9,80.84545965089796,16.237033044949726,82.45986653074185,7.277168641538098,0.7769102011875879,15.090955866392479,8.092718503595185,-1.409929060038528,0.11425841599702835
23.79686975479126,-10.1,17.6,48.17454877308364,5.304071479217328,48.46566128453073,8.240659616999771,0.8829916307719344,16.060269092083093,3.9731524594129057,-0.03118567049297205,0.11427543312311172
23.950958728790283,-10.2,18.5,26.938456702504368,-1.8023535385087257,26.99868381589142,8.779428751049858,0.8469445600017599,16.60024276840092,1.641070377251137,0.7493866679229877,0.11390570551156998
24.106950044631958,-10.1,19.0,13.134996856627822,-6.421529800030669,14.62067670787863,9.042128688182414,0.7185139640011465,16.892656302558493,0.33941920036421913,1.185138676824062,0.11397550255060196
24.270280838012695,-9.9,19.0,4.162747956808062,-9.423994370019955,10.30243371432583,9.125383647318575,0.5300340766007474,17.09870497684501,-0.3921248593401019,1.4301185384325548,0.11378734558820724
24.446466207504272,-9.7,19.0,-1.6692138280748168,-11.37559634051297,11.497411313253444,9.091999370757078,0.30252214979048797,17.32865320311008,-0.8103022371456478,1.570247585836346,0.11351890861988068
24.598779439926147,-9.4,18.9,-4.9349889882486195,-12.119137621333437,13.085396937004035,8.993299590992105,0.060139397363819236,17.59036114185016,-1.003126175836416,1.5815487160125996,0.1164400652050972
24.7649028301239,-9.1,18.7,-6.70774284236154,-12.777439453866691,14.43110435955896,8.859144734144875,-0.19540939171351457,17.87898322904134,-1.0625465948427717,1.6171083371226749,0.11561574786901474
24.922292470932007,-8.8,18.5,-8.21003284753499,-13.20533564501335,15.549454294445951,8.694944077194176,-0.45951610461378156,18.18997231493026,-1.1606085226584273,1.6406191776681913,0.11556228250265121
25.11520028114319,-8.5,18.3,-9.186521350897692,-13.483468169258686,16.315516798493125,8.511213650176222,-0.7291854679989553,18.51628265090012,-1.2143778454572651,1.6538483351865858,0.1159917563199997
